epoxide_component_id,dioxaphospholane_oxide_component_id,acrylate_component_id,pll_backbone_equivalent,epoxide_equivalent,dioxaphospholane_oxide_equivalent,acrylate_equivalent,transfection_efficiency,class_label
E10,NAN,A16,1,2,NAN,0.5,3898165704,0
E10,NAN,A17,1,2,NAN,0.25,2269554196,0
E10,NAN,A18,1,2,NAN,0.5,2003332488,0
E10,NAN,NAN,1,3,NAN,NAN,1762571860,0
E10,NAN,A23,1,3,NAN,0.25,1595817925,0
E10,NAN,A17,1,3,NAN,0.25,967570411,0
E10,NAN,A22,1,2,NAN,0.25,876294495,0
E10,NAN,A22,1,3,NAN,0.25,866313930,0
E10,NAN,A17,1,2,NAN,0.5,680581647,0
E12,NAN,NAN,1,3,NAN,NAN,1002463184,0
E12,NAN,A17,1,2,NAN,0.25,756820704,0
E12,NAN,A22,1,2,NAN,0.25,641102833,0
E14,NAN,A9,1,2,NAN,0.5,2138861160,0
E14,NAN,A17,1,2,NAN,0.25,1629695100,0
E14,NAN,A22,1,2,NAN,0.25,1342518539,0
E14,NAN,A17,1,3,NAN,0.25,1268609517,0
E14,NAN,A16,1,2,NAN,0.5,851625600,0
E14,NAN,A22,1,3,NAN,0.25,781928496,0
E3,NAN,A16,1,2,NAN,0.75,1.18E+11,0
E3,NAN,A2,1,2,NAN,0.5,82794398784,0
E3,NAN,A9,1,2,NAN,0.5,41355723456,0
E3,NAN,A18,1,2,NAN,0.5,38115594480,0
E3,NAN,A16,1,2,NAN,0.5,6217523976,0
E3,NAN,A23,1,2,NAN,0.25,3062777907,0
E3,NAN,A22,1,2,NAN,0.5,2891418529,0
E3,NAN,A18,1,2,NAN,0.75,2307853848,0
E3,NAN,A17,1,2,NAN,0.5,1046154330,0
E3,NAN,A1,1,2,NAN,0.5,1041324336,0
E3,NAN,A22,1,3,NAN,0.25,687913849,0
E3h,NAN,A16,1,2,NAN,0.75,21580270680,0
E3h,NAN,A18,1,2,NAN,0.75,2292540000,0
E3h,NAN,A18,1,2,NAN,0.5,2214143568,0
E3h,NAN,A2,1,2,NAN,0.5,1126038192,0
E3h,NAN,A9,1,2,NAN,0.75,1045611192,0
E3h,NAN,A16,1,2,NAN,0.5,1033538136,0
E3h,NAN,A9,1,2,NAN,0.5,638844144,0
E4,NAN,A16,1,2,NAN,0.75,90919667616,0
E4,NAN,A18,1,2,NAN,0.5,21539670720,0
E4,NAN,A22,1,2,NAN,0.5,6805750573,0
E4,NAN,A16,1,2,NAN,0.5,1970237376,0
E4,NAN,A9,1,2,NAN,0.5,1612245456,0
E4,NAN,A23,1,3,NAN,0.25,1143014235,0
E4,NAN,A23,1,2,NAN,0.25,1017519911,0
E4,NAN,A9,1,2,NAN,0.25,940960845,0
E4,NAN,A17,1,2,NAN,0.5,865458337,0
E4,NAN,A22,1,3,NAN,0.25,773071726,0
E5,NAN,A18,1,2,NAN,0.5,48461112720,0
E5,NAN,A2,1,2,NAN,0.5,39260640576,0
E5,NAN,A16,1,2,NAN,0.75,29947040304,0
E5,NAN,A9,1,2,NAN,0.5,16153109616,0
E5,NAN,A22,1,2,NAN,0.5,10079787214,0
E5,NAN,A16,1,2,NAN,0.5,9296531736,0
E5,NAN,A23,1,2,NAN,0.25,1722221813,0
E5,NAN,A23,1,3,NAN,0.25,1489765665,0
E5,NAN,A17,1,2,NAN,0.5,1267974117,0
E6,NAN,A18,1,2,NAN,0.5,59861498496,0
E6,NAN,A16,1,2,NAN,0.75,15412397808,0
E6,NAN,A16,1,2,NAN,0.5,11392232040,0
E6,NAN,A22,1,2,NAN,0.5,9776636697,0
E6,NAN,A23,1,3,NAN,0.25,4189036409,0
E6,NAN,A9,1,2,NAN,0.5,2070019752,0
E6,NAN,A23,1,2,NAN,0.25,1365300218,0
E6,NAN,A1,1,2,NAN,0.5,924211680,0
E6,NAN,A17,1,3,NAN,0.25,913104159,0
E6,NAN,A17,1,2,NAN,0.5,877898763,0
E6,NAN,A18,1,2,NAN,0.25,861119254,0
E6,NAN,A18,1,3,NAN,0.25,815407012,0
E6,NAN,A2,1,2,NAN,0.5,807244032,0
E6,NAN,A2,1,2,NAN,0.75,734078376,0
E6,NAN,A22,1,3,NAN,0.25,708598394,0
E6,NAN,A1,1,2,NAN,0.75,637915728,0
E7f,NAN,A16,1,2,NAN,0.5,4355113496,0
E7f,NAN,A6,1,2,NAN,0.25,2729627333,0
E7f,NAN,A4,1,2,NAN,0.25,2588377913,0
E7f,NAN,A23,1,2,NAN,0.25,2549615924,0
E7f,P10,NAN,1,3,0.25,NAN,2506357421,0
E7f,NAN,A9,1,2,NAN,0.5,2224677071,0
E7f,NAN,A17,1,3,NAN,0.25,2217826517,0
E7f,NAN,A18,1,2,NAN,0.5,2092253121,0
E7f,NAN,A6,1,3,NAN,0.25,1962786371,0
E7f,NAN,A18,1,2,NAN,0.25,1712491485,0
E7f,NAN,A18,1,3,NAN,0.25,1591243045,0
E7f,NAN,A17,1,2,NAN,0.5,1569317274,0
E7f,NAN,A16,1,2,NAN,0.25,1562687699,0
E7f,NAN,A2,1,3,NAN,0.25,1394456135,0
E7f,NAN,A17,1,2,NAN,0.25,1355589188,0
E7f,NAN,NAN,1,2,NAN,NAN,1212333000,0
E7f,NAN,A16,1,3,NAN,0.25,1122614130,0
E7f,NAN,A22,1,3,NAN,0.25,1075447447,0
E7f,NAN,A22,1,2,NAN,0.5,1029618163,0
E7f,NAN,A1,1,2,NAN,0.25,980574931,0
E7f,NAN,A23,1,3,NAN,0.25,941885896,0
E7f,P9,NAN,1,3,0.25,NAN,902966705,0
E7f,NAN,A23,1,2,NAN,0.5,876384863,0
E7f,NAN,A22,1,2,NAN,0.25,742343703,0
E7f,NAN,A5,1,3,NAN,0.25,729109498,0
E7f,NAN,A9,1,3,NAN,0.25,669725249,0
E7f,P18,NAN,1,3,0.25,NAN,597135977,0
E7f,NAN,A9,1,2,NAN,0.25,588601613,0
E8,NAN,A9,1,2,NAN,0.5,77383513728,0
E8,NAN,A18,1,2,NAN,0.5,74774579040,0
E8,P2,NAN,1,3,0.25,NAN,28042927014,0
E8,NAN,A16,1,2,NAN,0.5,27157132896,0
E8,P4,NAN,1,3,0.25,NAN,11221721231,0
E8,NAN,A22,1,2,NAN,0.5,7968995945,0
E8,P5,NAN,1,3,0.25,NAN,6374814150,0
E8,NAN,A16,1,2,NAN,0.75,5711998728,0
E8,NAN,A18,1,2,NAN,0.25,3073512252,0
E8,P3,NAN,1,3,0.25,NAN,3014219227,0
E8,NAN,A23,1,3,NAN,0.25,2867521605,0
E8,NAN,A17,1,2,NAN,0.5,2371384577,0
E8,NAN,A18,1,3,NAN,0.25,2308649929,0
E8,P16,NAN,1,3,0.25,NAN,1752878025,0
E8,NAN,A23,1,2,NAN,0.25,1472130255,0
E8,P18,NAN,1,3,0.25,NAN,1322173321,0
E8,P11,NAN,1,3,0.25,NAN,1207844872,0
E8,NAN,NAN,1,3,NAN,NAN,1167661684,0
E8,NAN,A9,1,2,NAN,0.25,1017997589,0
E8,NAN,A2,1,3,NAN,0.25,1017031231,0
E8,NAN,A4,1,2,NAN,0.5,1006434408,0
E8,NAN,A6,1,3,NAN,0.25,951147271,0
E8,P23,NAN,1,3,0.25,NAN,662615246,0
E8,P15,NAN,1,3,0.25,NAN,647827385,0
E8,P1,NAN,1,3,0.25,NAN,626192256,0
E8,NAN,A5,1,3,NAN,0.25,556444495,0
E9f,NAN,NAN,1,2,NAN,NAN,20524769304,0
E9f,NAN,A16,1,2,NAN,0.25,9735485840,0
E9f,NAN,A17,1,2,NAN,0.25,8252500835,0
E9f,NAN,A22,1,2,NAN,0.25,5660113077,0
E9f,NAN,A9,1,2,NAN,0.25,5408750720,0
E9f,NAN,A23,1,2,NAN,0.25,2769500330,0
E9f,NAN,A1,1,2,NAN,0.25,2144802113,0
E9f,NAN,A18,1,2,NAN,0.25,2136486139,0
E9f,NAN,A22,1,3,NAN,0.25,1816913592,0
E9f,NAN,A23,1,3,NAN,0.25,1437634154,0
E9f,NAN,A9,1,2,NAN,0.75,1014262192,0
E9f,NAN,A17,1,3,NAN,0.25,876092109,0
E9f,NAN,A16,1,3,NAN,0.25,711395723,0
NAN,NAN,A18,1,NAN,NAN,0.5,8164307790,0
NAN,P2,A16,1,NAN,0.25,0.5,7207552281,0
NAN,P16,A22,1,NAN,0.25,0.5,6906282888,0
NAN,P3,A16,1,NAN,0.25,0.5,6897311215,0
NAN,P16,A23,1,NAN,0.25,0.5,5341734942,0
NAN,P2,A18,1,NAN,0.25,0.5,4930158811,0
NAN,NAN,A2,1,NAN,NAN,0.5,4563553510,0
NAN,P21,A18,1,NAN,0.25,0.5,4378320437,0
NAN,P23,A22,1,NAN,0.25,0.5,4351750017,0
NAN,P2,A22,1,NAN,0.25,0.5,4302493768,0
NAN,P18,A18,1,NAN,0.25,0.5,4228247166,0
NAN,P22,A23,1,NAN,0.25,0.5,4149524135,0
NAN,P3,A17,1,NAN,0.25,0.5,4019320979,0
NAN,P1,A22,1,NAN,0.25,0.5,4012957329,0
NAN,P16,A18,1,NAN,0.25,0.5,3952655317,0
NAN,P10,A23,1,NAN,0.25,0.5,3930775869,0
NAN,P18,A22,1,NAN,0.25,0.5,3898737506,0
NAN,P10,A9,1,NAN,0.25,0.5,3889370907,0
NAN,P8,A16,1,NAN,0.25,0.5,3812991946,0
NAN,P23,A18,1,NAN,0.25,0.5,3671763761,0
NAN,P1,A16,1,NAN,0.25,0.5,3669825941,0
NAN,P15,A22,1,NAN,0.25,0.5,3640196403,0
NAN,P9,A22,1,NAN,0.25,0.5,3615950326,0
NAN,P10,A22,1,NAN,0.25,0.5,3593394463,0
NAN,P19,A16,1,NAN,0.25,0.5,3576530768,0
NAN,P23,A16,1,NAN,0.25,0.5,3565289918,0
NAN,P10,A16,1,NAN,0.25,0.5,3486434910,0
NAN,P21,A16,1,NAN,0.25,0.5,3459834442,0
NAN,P22,A16,1,NAN,0.25,0.5,3323208452,0
NAN,P8,A22,1,NAN,0.25,0.5,3280254020,0
NAN,P21,A17,1,NAN,0.25,0.5,3262108461,0
NAN,P9,A16,1,NAN,0.25,0.5,3231986271,0
NAN,P2,A17,1,NAN,0.25,0.5,3207934277,0
NAN,P13,A22,1,NAN,0.25,0.5,3187765137,0
NAN,P17,A22,1,NAN,0.25,0.5,3179592539,0
NAN,P17,A16,1,NAN,0.25,0.5,3147481840,0
NAN,P10,A17,1,NAN,0.25,0.5,3120042475,0
NAN,P11,A16,1,NAN,0.25,0.5,3119669105,0
NAN,P14,A22,1,NAN,0.25,0.5,3086378470,0
NAN,P22,A18,1,NAN,0.25,0.5,3083494711,0
NAN,P19,A18,1,NAN,0.25,0.5,3071478533,0
NAN,P17,A18,1,NAN,0.25,0.5,3070554331,0
NAN,P13,A18,1,NAN,0.25,0.5,3055430170,0
NAN,P25,A16,1,NAN,0.25,0.5,2936894847,0
NAN,NAN,A22,1,NAN,NAN,0.5,2855892136,0
NAN,P25,A18,1,NAN,0.25,0.5,2826136741,0
NAN,NAN,A23,1,NAN,NAN,0.5,2767799309,0
NAN,P1,A23,1,NAN,0.25,0.5,2746918683,0
NAN,P2,A23,1,NAN,0.25,0.5,2725115498,0
NAN,P18,A23,1,NAN,0.25,0.5,2717024187,0
NAN,P14,A18,1,NAN,0.25,0.5,2669487379,0
NAN,P17,A23,1,NAN,0.25,0.5,2608995485,0
NAN,P14,A16,1,NAN,0.25,0.5,2390947838,0
NAN,P15,A18,1,NAN,0.25,0.5,2366625041,0
NAN,P22,A22,1,NAN,0.25,0.5,2351864569,0
NAN,P15,A16,1,NAN,0.25,0.5,2300468197,0
NAN,P16,A16,1,NAN,0.25,0.5,2292637917,0
NAN,P23,A23,1,NAN,0.25,0.5,2228722393,0
NAN,P2,A9,1,NAN,0.25,0.5,2166897673,0
NAN,P18,A16,1,NAN,0.25,0.5,2159602697,0
NAN,P19,A22,1,NAN,0.25,0.5,2052821609,0
NAN,P19,A23,1,NAN,0.25,0.5,2019140981,0
NAN,P22,A2,1,NAN,0.25,0.5,1867737531,0
NAN,P1,A9,1,NAN,0.25,0.5,1866162305,0
NAN,P11,A17,1,NAN,0.25,0.5,1859601467,0
NAN,P16,A9,1,NAN,0.25,0.5,1858466833,0
NAN,P8,A18,1,NAN,0.25,0.5,1820267488,0
NAN,P13,A16,1,NAN,0.25,0.5,1819497822,0
NAN,P15,A23,1,NAN,0.25,0.5,1690111643,0
NAN,P19,A9,1,NAN,0.25,0.5,1600659867,0
NAN,P23,A9,1,NAN,0.25,0.5,1593061117,0
NAN,P1,A18,1,NAN,0.25,0.5,1548389527,0
NAN,P9,A18,1,NAN,0.25,0.5,1463235350,0
NAN,P13,A23,1,NAN,0.25,0.5,1359803181,0
NAN,P15,A9,1,NAN,0.25,0.5,1260866257,0
NAN,NAN,A17,1,NAN,NAN,0.5,1210327687,0
NAN,P25,A9,1,NAN,0.25,0.5,1164587406,0
NAN,P22,A9,1,NAN,0.25,0.5,1162471669,0
NAN,P18,A17,1,NAN,0.25,0.5,1101009359,0
NAN,P17,A2,1,NAN,0.25,0.5,1082755297,0
NAN,P18,A9,1,NAN,0.25,0.5,1073295081,0
NAN,P23,A2,1,NAN,0.25,0.5,1058746960,0
NAN,P14,A9,1,NAN,0.25,0.5,1045290181,0
NAN,P22,A17,1,NAN,0.25,0.5,1010670829,0
NAN,P23,A17,1,NAN,0.25,0.5,1007056221,0
NAN,P8,A23,1,NAN,0.25,0.5,994188450,0
NAN,P14,A23,1,NAN,0.25,0.5,980677145,0
NAN,P9,A23,1,NAN,0.25,0.5,978299007,0
NAN,P8,A9,1,NAN,0.25,0.5,941965785,0
NAN,P9,A17,1,NAN,0.25,0.5,888472126,0
NAN,P1,A17,1,NAN,0.25,0.5,823774789,0
NAN,P15,A2,1,NAN,0.25,0.5,751569944,0
NAN,P8,A17,1,NAN,0.25,0.5,712387579,0
NAN,P16,A17,1,NAN,0.25,0.5,706157001,0
NAN,P15,A17,1,NAN,0.25,0.5,592178481,0
NAN,P17,A17,1,NAN,0.25,0.5,577491716,0
NAN,P14,A17,1,NAN,0.25,0.5,570087779,0
NAN,P21,A22,1,NAN,0.25,0.5,549429367,0
E10,NAN,A9,1,2,NAN,0.5,238695024,1
E10,NAN,A9,1,2,NAN,0.25,95121201,1
E10,P16,NAN,1,3,0.25,NAN,94262091,1
E10,NAN,A4,1,2,NAN,0.25,88333216,1
E10,P4,NAN,1,3,0.25,NAN,88256889,1
E10,NAN,A2,1,2,NAN,0.25,85474665,1
E10,NAN,A18,1,2,NAN,0.25,74256375,1
E10,NAN,A16,1,3,NAN,0.25,69212217,1
E10,NAN,A1,1,3,NAN,0.25,62885067,1
E10,NAN,A1,1,2,NAN,0.25,60578660,1
E12,NAN,A22,1,2,NAN,0.5,500948889,1
E12,NAN,A17,1,3,NAN,0.25,465620179,1
E12,NAN,A22,1,3,NAN,0.25,445806289,1
E12,NAN,A17,1,2,NAN,0.5,161125438,1
E12,NAN,A9,1,2,NAN,0.25,155730001,1
E12,NAN,A9,1,2,NAN,0.5,151354152,1
E12,NAN,A9,1,3,NAN,0.25,146313991,1
E12,NAN,A1,1,3,NAN,0.25,81878467,1
E12,NAN,A18,1,2,NAN,0.5,74407800,1
E12,NAN,A4,1,2,NAN,0.25,71914588,1
E12,NAN,A2,1,2,NAN,0.25,67694349,1
E12,NAN,A16,1,2,NAN,0.5,62590560,1
E14,NAN,NAN,1,2,NAN,NAN,262172640,1
E14,NAN,A23,1,3,NAN,0.25,185160973,1
E14,NAN,A9,1,3,NAN,0.25,178139091,1
E14,NAN,A22,1,2,NAN,0.5,144412535,1
E14,NAN,A18,1,2,NAN,0.25,129534231,1
E14,NAN,A18,1,2,NAN,0.5,128875632,1
E14,NAN,NAN,1,3,NAN,NAN,122325712,1
E14,NAN,A17,1,2,NAN,0.5,116265727,1
E14,NAN,A1,1,3,NAN,0.25,60419200,1
E3,NAN,A23,1,3,NAN,0.25,493438697,1
E3,NAN,A1,1,2,NAN,0.75,383896824,1
E3,NAN,A9,1,2,NAN,0.25,339704104,1
E3,NAN,A17,1,3,NAN,0.25,213584768,1
E3,NAN,A22,1,2,NAN,0.25,139056113,1
E3,NAN,A9,1,2,NAN,0.75,117504816,1
E3,NAN,A2,1,2,NAN,0.75,106283112,1
E3,NAN,A2,1,3,NAN,0.25,81699994,1
E3,NAN,A18,1,3,NAN,0.25,69357255,1
E3,NAN,A23,1,2,NAN,0.75,64936939,1
E3h,NAN,A22,1,2,NAN,0.5,306589207,1
E3h,NAN,A17,1,2,NAN,0.5,248417161,1
E3h,NAN,A23,1,2,NAN,0.25,219356318,1
E3h,NAN,A23,1,3,NAN,0.25,146644437,1
E3h,NAN,A4,1,3,NAN,0.25,102085000,1
E3h,NAN,A22,1,2,NAN,0.75,70778853,1
E3h,NAN,A23,1,2,NAN,0.75,68585076,1
E3h,NAN,A1,1,2,NAN,0.5,58663032,1
E4,NAN,A2,1,3,NAN,0.25,327649891,1
E4,NAN,A18,1,2,NAN,0.75,303286056,1
E4,NAN,A1,1,2,NAN,0.75,290130912,1
E4,NAN,A22,1,2,NAN,0.25,280156803,1
E4,NAN,A2,1,2,NAN,0.5,272460456,1
E4,NAN,A2,1,2,NAN,0.75,168783840,1
E4,NAN,A18,1,3,NAN,0.25,150482170,1
E4,NAN,A9,1,2,NAN,0.75,113502960,1
E4,NAN,A18,1,2,NAN,0.25,102269678,1
E4,NAN,A17,1,3,NAN,0.25,93656077,1
E4,NAN,A4,1,2,NAN,0.5,70361256,1
E5,NAN,A22,1,3,NAN,0.25,489084402,1
E5,NAN,A22,1,2,NAN,0.25,455381767,1
E5,NAN,A2,1,3,NAN,0.25,421029933,1
E5,NAN,A18,1,2,NAN,0.25,368166950,1
E5,NAN,A18,1,3,NAN,0.25,363110919,1
E5,NAN,A17,1,3,NAN,0.25,355773168,1
E5,NAN,A18,1,2,NAN,0.75,304255968,1
E5,NAN,A1,1,2,NAN,0.5,270278040,1
E5,NAN,A4,1,3,NAN,0.25,229631667,1
E5,NAN,A1,1,2,NAN,0.75,202824696,1
E5,NAN,A17,1,2,NAN,0.25,166654595,1
E5,NAN,A9,1,2,NAN,0.75,102988512,1
E6,NAN,A17,1,2,NAN,0.25,521529495,1
E6,NAN,A4,1,3,NAN,0.25,373070400,1
E6,NAN,A22,1,2,NAN,0.25,365630575,1
E6,NAN,A2,1,3,NAN,0.25,338380015,1
E6,NAN,A18,1,2,NAN,0.75,319788240,1
E6,NAN,A4,1,2,NAN,0.25,262866558,1
E6,P3,NAN,1,3,0.25,NAN,211207431,1
E6,NAN,A1,1,2,NAN,0.25,160790963,1
E6,NAN,A9,1,2,NAN,0.75,157872672,1
E6,NAN,A5,1,3,NAN,0.25,157544463,1
E6,P4,NAN,1,3,0.25,NAN,154456091,1
E6,NAN,A2,1,2,NAN,0.25,149464443,1
E6,NAN,A5,1,2,NAN,0.5,82877088,1
E6,P6,NAN,1,3,0.25,NAN,76982711,1
E6,NAN,A22,1,2,NAN,0.75,58556111,1
E7f,P2,NAN,1,3,0.25,NAN,426106065,1
E7f,P1,NAN,1,3,0.25,NAN,173518562,1
E7f,NAN,A22,1,2,NAN,0.75,132404181,1
E7f,P15,NAN,1,3,0.25,NAN,131926925,1
E7f,P16,NAN,1,3,0.25,NAN,125104141,1
E7f,P8,NAN,1,3,0.25,NAN,121705693,1
E7f,NAN,A1,1,3,NAN,0.25,117738914,1
E7f,P11,NAN,1,3,0.25,NAN,99642251,1
E7f,NAN,A1,1,2,NAN,0.5,93095984,1
E7f,NAN,NAN,1,3,NAN,NAN,90147080,1
E7f,NAN,A23,1,2,NAN,0.75,77702125,1
E7f,NAN,A16,1,2,NAN,0.75,73158779,1
E7f,P14,NAN,1,3,0.25,NAN,68356097,1
E7f,P3,NAN,1,3,0.25,NAN,67722579,1
E7f,NAN,A17,1,2,NAN,0.75,56652970,1
E8,NAN,A22,1,3,NAN,0.25,535327795,1
E8,P6,NAN,1,3,0.25,NAN,488027823,1
E8,NAN,A17,1,2,NAN,0.25,459385022,1
E8,NAN,A2,1,2,NAN,0.25,441206765,1
E8,P21,NAN,1,3,0.25,NAN,419823818,1
E8,NAN,A22,1,2,NAN,0.25,384782237,1
E8,NAN,A17,1,3,NAN,0.25,281158852,1
E8,P10,NAN,1,3,0.25,NAN,260937974,1
E8,NAN,A5,1,2,NAN,0.25,237107270,1
E8,P19,NAN,1,3,0.25,NAN,236251002,1
E8,NAN,A1,1,2,NAN,0.75,228272688,1
E8,NAN,A16,1,3,NAN,0.25,195537908,1
E8,NAN,A2,1,2,NAN,0.5,185959080,1
E8,NAN,A4,1,2,NAN,0.25,161064324,1
E8,P25,NAN,1,3,0.25,NAN,143257349,1
E8,NAN,A1,1,3,NAN,0.25,131056067,1
E8,NAN,NAN,1,2,NAN,NAN,123187488,1
E8,P22,NAN,1,3,0.25,NAN,123140449,1
E8,NAN,A18,1,2,NAN,0.75,114356592,1
E8,P13,NAN,1,3,0.25,NAN,112480300,1
E8,P7,NAN,1,3,0.25,NAN,109542967,1
E8,NAN,A9,1,3,NAN,0.25,86146605,1
E8,NAN,A2,1,2,NAN,0.75,85175328,1
E8,NAN,A1,1,2,NAN,0.25,66612049,1
E8,NAN,A9,1,2,NAN,0.75,64968144,1
E8,NAN,A23,1,2,NAN,0.5,64442974,1
E9f,NAN,A16,1,2,NAN,0.75,523400395,1
E9f,NAN,A4,1,2,NAN,0.25,442084021,1
E9f,NAN,A1,1,3,NAN,0.25,418864858,1
E9f,NAN,A22,1,2,NAN,0.75,288881080,1
E9f,NAN,A6,1,2,NAN,0.25,223040697,1
E9f,NAN,A9,1,3,NAN,0.25,214543516,1
E9f,P9,NAN,1,3,0.25,NAN,157718517,1
E9f,NAN,NAN,1,3,NAN,NAN,118416976,1
E9f,NAN,A2,1,2,NAN,0.25,90704762,1
E9f,NAN,A1,1,2,NAN,0.75,72604334,1
NAN,P16,A2,1,NAN,0.25,0.5,541214025,1
NAN,P13,A9,1,NAN,0.25,0.5,520504557,1
NAN,P3,A18,1,NAN,0.25,0.5,455080298,1
NAN,P21,A23,1,NAN,0.25,0.5,436483827,1
NAN,P17,A9,1,NAN,0.25,0.5,381159573,1
NAN,P4,A16,1,NAN,0.25,0.5,378262571,1
NAN,P7,A16,1,NAN,0.25,0.5,354825525,1
NAN,P8,A1,1,NAN,0.25,0.5,347301759,1
NAN,NAN,A16,1,NAN,NAN,0.75,339240222,1
NAN,P11,A1,1,NAN,0.25,0.5,330604016,1
NAN,NAN,A9,1,NAN,NAN,0.5,315167039,1
NAN,P2,A1,1,NAN,0.25,0.5,309871623,1
NAN,P3,A1,1,NAN,0.25,0.5,282195705,1
NAN,P4,A1,1,NAN,0.25,0.5,279854741,1
NAN,P15,A1,1,NAN,0.25,0.5,278603839,1
NAN,P13,A17,1,NAN,0.25,0.5,260639760,1
NAN,P3,A22,1,NAN,0.25,0.5,245256669,1
NAN,P21,A9,1,NAN,0.25,0.5,236238964,1
NAN,P25,A17,1,NAN,0.25,0.5,229104278,1
NAN,NAN,A23,1,NAN,NAN,0.75,226071920,1
NAN,NAN,A23,1,NAN,NAN,0.25,225630323,1
NAN,P9,A9,1,NAN,0.25,0.5,216419265,1
NAN,P14,A2,1,NAN,0.25,0.5,209380571,1
NAN,P9,A1,1,NAN,0.25,0.5,178051959,1
NAN,P18,A1,1,NAN,0.25,0.5,174239157,1
NAN,P10,A1,1,NAN,0.25,0.5,170371647,1
NAN,NAN,A16,1,NAN,NAN,1,164061793,1
NAN,P7,A22,1,NAN,0.25,0.5,159176647,1
NAN,P4,A17,1,NAN,0.25,0.5,156746175,1
NAN,P6,A17,1,NAN,0.25,0.5,154314882,1
NAN,P25,A1,1,NAN,0.25,0.5,152355965,1
NAN,NAN,A18,1,NAN,NAN,0.75,151265752,1
NAN,P21,A1,1,NAN,0.25,0.5,132422556,1
NAN,P16,A1,1,NAN,0.25,0.5,130779652,1
NAN,P7,A17,1,NAN,0.25,0.5,123212959,1
NAN,P6,A18,1,NAN,0.25,0.5,118496963,1
NAN,NAN,A9,1,NAN,NAN,0.75,112796210,1
NAN,NAN,A22,1,NAN,NAN,0.25,109840115,1
NAN,P19,A2,1,NAN,0.25,0.5,108307359,1
NAN,P19,A17,1,NAN,0.25,0.5,92595377,1
NAN,P6,A16,1,NAN,0.25,0.5,76855995,1
NAN,P5,A1,1,NAN,0.25,0.5,72291612,1
NAN,NAN,A17,1,NAN,NAN,0.25,72145661,1
NAN,P14,A1,1,NAN,0.25,0.5,69464480,1
NAN,P19,A1,1,NAN,0.25,0.5,60832658,1
E10,P2,NAN,1,3,0.25,NAN,54013922,2
E10,P7,NAN,1,3,0.25,NAN,43873737,2
E10,NAN,A2,1,3,NAN,0.25,41464633,2
E10,P3,NAN,1,3,0.25,NAN,40118982,2
E10,P25,NAN,1,3,0.25,NAN,36192585,2
E10,P11,NAN,1,3,0.25,NAN,32961851,2
E10,P6,NAN,1,3,0.25,NAN,29956658,2
E10,NAN,A5,1,3,NAN,0.25,26287154,2
E10,NAN,A9,1,3,NAN,0.25,22460328,2
E10,P1,NAN,1,3,0.25,NAN,22320307,2
E10,NAN,A16,1,2,NAN,0.75,21325296,2
E10,NAN,A5,1,2,NAN,0.25,18624419,2
E10,NAN,A22,1,2,NAN,0.5,18286106,2
E10,NAN,A9,1,2,NAN,0.75,17582448,2
E10,P15,NAN,1,3,0.25,NAN,16979465,2
E10,NAN,NAN,1,2,NAN,NAN,15223560,2
E10,NAN,A23,1,2,NAN,0.25,13674985,2
E10,NAN,A18,1,2,NAN,0.75,13496688,2
E10,NAN,A6,1,2,NAN,0.75,12302880,2
E10,NAN,A23,1,2,NAN,0.5,11914927,2
E10,NAN,A5,1,2,NAN,0.75,7211640,2
E10,NAN,A16,1,2,NAN,0.25,6442379,2
E10,NAN,A4,1,3,NAN,0.25,6391533,2
E10,NAN,A4,1,2,NAN,0.75,5166480,2
E10,P23,NAN,1,3,0.25,NAN,4899478,2
E10,NAN,A2,1,2,NAN,0.75,4796664,2
E10,NAN,A1,1,2,NAN,0.75,4579152,2
E10,NAN,A22,1,2,NAN,0.75,4138807,2
E10,NAN,A6,1,2,NAN,0.25,4132742,2
E10,NAN,A6,1,2,NAN,0.5,3673080,2
E10,P5,NAN,1,3,0.25,NAN,3578451,2
E10,P10,NAN,1,3,0.25,NAN,3071320,2
E10,P21,NAN,1,3,0.25,NAN,3025507,2
E10,P18,NAN,1,3,0.25,NAN,2232155,2
E10,NAN,A18,1,3,NAN,0.25,1917087,2
E10,P19,NAN,1,3,0.25,NAN,1848896,2
E10,NAN,A6,1,3,NAN,0.25,1606049,2
E10,P8,NAN,1,3,0.25,NAN,1454714,2
E10,P22,NAN,1,3,0.25,NAN,1214207,2
E10,NAN,A2,1,2,NAN,0.5,1096224,2
E10,NAN,A5,1,2,NAN,0.5,959880,2
E10,P13,NAN,1,3,0.25,NAN,952082,2
E10,NAN,A1,1,2,NAN,0.5,933888,2
E10,P9,NAN,1,3,0.25,NAN,923649,2
E10,NAN,A4,1,2,NAN,0.5,904248,2
E10,P14,NAN,1,3,0.25,NAN,671241,2
E10,P17,NAN,1,3,0.25,NAN,608930,2
E10,NAN,A17,1,2,NAN,0.75,153437,2
E10,NAN,A23,1,2,NAN,0.75,109195,2
E12,NAN,A16,1,3,NAN,0.25,47698833,2
E12,NAN,A6,1,2,NAN,0.25,43822099,2
E12,NAN,A23,1,3,NAN,0.25,35770431,2
E12,NAN,NAN,1,2,NAN,NAN,35599008,2
E12,NAN,A18,1,2,NAN,0.25,34677075,2
E12,NAN,A6,1,3,NAN,0.25,21527992,2
E12,NAN,A16,1,2,NAN,0.25,14665667,2
E12,NAN,A5,1,2,NAN,0.25,13592318,2
E12,NAN,A23,1,2,NAN,0.5,8288675,2
E12,NAN,A6,1,2,NAN,0.5,5411352,2
E12,NAN,A16,1,2,NAN,0.75,4080744,2
E12,NAN,A18,1,2,NAN,0.75,4043352,2
E12,NAN,A5,1,3,NAN,0.25,3896156,2
E12,NAN,A9,1,2,NAN,0.75,3889224,2
E12,P25,NAN,1,3,0.25,NAN,3700857,2
E12,P6,NAN,1,3,0.25,NAN,3456698,2
E12,P16,NAN,1,3,0.25,NAN,2877441,2
E12,NAN,A23,1,2,NAN,0.25,2167655,2
E12,NAN,A6,1,2,NAN,0.75,2158704,2
E12,P18,NAN,1,3,0.25,NAN,1996734,2
E12,NAN,A1,1,2,NAN,0.75,1870056,2
E12,P10,NAN,1,3,0.25,NAN,1868492,2
E12,NAN,A5,1,2,NAN,0.75,1665312,2
E12,P21,NAN,1,3,0.25,NAN,1637507,2
E12,NAN,A4,1,2,NAN,0.75,1589616,2
E12,NAN,A2,1,3,NAN,0.25,1565023,2
E12,P23,NAN,1,3,0.25,NAN,1437661,2
E12,NAN,A4,1,2,NAN,0.5,1295952,2
E12,NAN,A2,1,2,NAN,0.75,1264032,2
E12,P7,NAN,1,3,0.25,NAN,1158678,2
E12,P15,NAN,1,3,0.25,NAN,1156167,2
E12,P13,NAN,1,3,0.25,NAN,1101649,2
E12,NAN,A5,1,2,NAN,0.5,1094856,2
E12,P19,NAN,1,3,0.25,NAN,1073966,2
E12,NAN,A2,1,2,NAN,0.5,1055184,2
E12,P5,NAN,1,3,0.25,NAN,927986,2
E12,P4,NAN,1,3,0.25,NAN,816438,2
E12,NAN,A1,1,2,NAN,0.5,797088,2
E12,P22,NAN,1,3,0.25,NAN,764170,2
E12,P2,NAN,1,3,0.25,NAN,720216,2
E12,NAN,A18,1,3,NAN,0.25,669473,2
E12,P3,NAN,1,3,0.25,NAN,477753,2
E12,P1,NAN,1,3,0.25,NAN,473384,2
E12,P14,NAN,1,3,0.25,NAN,452222,2
E12,P11,NAN,1,3,0.25,NAN,411333,2
E12,P9,NAN,1,3,0.25,NAN,355445,2
E12,P17,NAN,1,3,0.25,NAN,294797,2
E12,P8,NAN,1,3,0.25,NAN,283743,2
E12,NAN,A23,1,2,NAN,0.75,102135,2
E12,NAN,A17,1,2,NAN,0.75,95781,2
E12,NAN,A22,1,2,NAN,0.75,84249,2
E12,NAN,A1,1,2,NAN,0.25,69687,2
E12,NAN,A4,1,3,NAN,0.25,65133,2
E13f,NAN,NAN,1,3,NAN,NAN,5879576,2
E13f,NAN,NAN,1,2,NAN,NAN,4072992,2
E14,NAN,A6,1,2,NAN,0.5,52804344,2
E14,NAN,A16,1,2,NAN,0.25,47079228,2
E14,NAN,A16,1,3,NAN,0.25,35850799,2
E14,NAN,A2,1,2,NAN,0.25,27349858,2
E14,NAN,A5,1,2,NAN,0.5,15610704,2
E14,NAN,A23,1,2,NAN,0.5,13683457,2
E14,NAN,A1,1,2,NAN,0.75,11531784,2
E14,NAN,A4,1,2,NAN,0.5,5932104,2
E14,NAN,A16,1,2,NAN,0.75,5658504,2
E14,NAN,A2,1,2,NAN,0.5,4796664,2
E14,NAN,A6,1,3,NAN,0.25,4483903,2
E14,NAN,A18,1,2,NAN,0.75,4278192,2
E14,NAN,A1,1,2,NAN,0.5,4053840,2
E14,NAN,A9,1,2,NAN,0.75,3441888,2
E14,NAN,A23,1,2,NAN,0.25,2935783,2
E14,NAN,A6,1,2,NAN,0.75,2735088,2
E14,NAN,A6,1,2,NAN,0.25,2728583,2
E14,NAN,A4,1,3,NAN,0.25,2629867,2
E14,NAN,A4,1,2,NAN,0.75,2095320,2
E14,NAN,A5,1,2,NAN,0.75,1944840,2
E14,P16,NAN,1,3,0.25,NAN,1799627,2
E14,NAN,A18,1,3,NAN,0.25,1727935,2
E14,NAN,A2,1,2,NAN,0.75,1483368,2
E14,NAN,A2,1,3,NAN,0.25,1421310,2
E14,NAN,A9,1,2,NAN,0.25,1383426,2
E14,NAN,A4,1,2,NAN,0.25,775877,2
E14,NAN,A5,1,3,NAN,0.25,596021,2
E14,P2,NAN,1,3,0.25,NAN,313057,2
E14,P18,NAN,1,3,0.25,NAN,267766,2
E14,P3,NAN,1,3,0.25,NAN,253778,2
E14,P4,NAN,1,3,0.25,NAN,250745,2
E14,P19,NAN,1,3,0.25,NAN,245463,2
E14,NAN,A5,1,2,NAN,0.25,214633,2
E14,P6,NAN,1,3,0.25,NAN,201542,2
E14,P1,NAN,1,3,0.25,NAN,173957,2
E14,NAN,A22,1,2,NAN,0.75,166145,2
E14,P7,NAN,1,3,0.25,NAN,161044,2
E14,P9,NAN,1,3,0.25,NAN,150578,2
E14,P25,NAN,1,3,0.25,NAN,147252,2
E14,NAN,A17,1,2,NAN,0.75,136729,2
E14,NAN,A23,1,2,NAN,0.75,135317,2
E14,P21,NAN,1,3,0.25,NAN,135155,2
E14,P17,NAN,1,3,0.25,NAN,126155,2
E14,P8,NAN,1,3,0.25,NAN,112297,2
E14,P5,NAN,1,3,0.25,NAN,111319,2
E14,P10,NAN,1,3,0.25,NAN,104374,2
E14,P22,NAN,1,3,0.25,NAN,96255,2
E14,P11,NAN,1,3,0.25,NAN,90940,2
E14,NAN,A1,1,2,NAN,0.25,78912,2
E14,P15,NAN,1,3,0.25,NAN,74245,2
E14,P23,NAN,1,3,0.25,NAN,65865,2
E14,P14,NAN,1,3,0.25,NAN,61953,2
E14,P13,NAN,1,3,0.25,NAN,52399,2
E17f,NAN,NAN,1,2,NAN,NAN,4749240,2
E17f,NAN,NAN,1,3,NAN,NAN,232580,2
E3,NAN,A4,1,2,NAN,0.75,44467752,2
E3,NAN,A18,1,2,NAN,0.25,43427265,2
E3,NAN,A6,1,2,NAN,0.75,22458000,2
E3,NAN,A17,1,2,NAN,0.25,19836011,2
E3,NAN,A17,1,2,NAN,0.75,13590265,2
E3,NAN,A5,1,3,NAN,0.25,12598583,2
E3,NAN,A5,1,2,NAN,0.75,11788968,2
E3,NAN,A22,1,2,NAN,0.75,8902189,2
E3,NAN,A9,1,3,NAN,0.25,6537457,2
E3,NAN,NAN,1,3,NAN,NAN,3285932,2
E3,NAN,A4,1,3,NAN,0.25,2965267,2
E3,NAN,A6,1,2,NAN,0.5,2632944,2
E3,NAN,NAN,1,2,NAN,NAN,2501160,2
E3,NAN,A4,1,2,NAN,0.5,1813056,2
E3,NAN,A5,1,2,NAN,0.5,1210680,2
E3,NAN,A4,1,2,NAN,0.25,1133629,2
E3,NAN,A23,1,2,NAN,0.5,831197,2
E3,NAN,A2,1,2,NAN,0.25,569463,2
E3,NAN,A16,1,3,NAN,0.25,568915,2
E3,NAN,A5,1,2,NAN,0.25,470823,2
E3,NAN,A6,1,2,NAN,0.25,439496,2
E3,NAN,A1,1,2,NAN,0.25,366886,2
E3,NAN,A16,1,2,NAN,0.25,330444,2
E3,NAN,A6,1,3,NAN,0.25,177195,2
E3,NAN,A1,1,3,NAN,0.25,119600,2
E3,P2,NAN,1,3,0.25,NAN,102344,2
E3,P5,NAN,1,3,0.25,NAN,96876,2
E3,P6,NAN,1,3,0.25,NAN,93609,2
E3,P3,NAN,1,3,0.25,NAN,92343,2
E3,P1,NAN,1,3,0.25,NAN,91943,2
E3,P4,NAN,1,3,0.25,NAN,77541,2
E3,P9,NAN,1,3,0.25,NAN,59339,2
E3,P8,NAN,1,3,0.25,NAN,57339,2
E3,P7,NAN,1,3,0.25,NAN,54539,2
E3,P10,NAN,1,3,0.25,NAN,50605,2
E3,P11,NAN,1,3,0.25,NAN,49138,2
E3,P13,NAN,1,3,0.25,NAN,48738,2
E3,P21,NAN,1,3,0.25,NAN,45805,2
E3,P14,NAN,1,3,0.25,NAN,45671,2
E3,P18,NAN,1,3,0.25,NAN,45338,2
E3,P23,NAN,1,3,0.25,NAN,43538,2
E3,P16,NAN,1,3,0.25,NAN,43004,2
E3,P19,NAN,1,3,0.25,NAN,42538,2
E3,P22,NAN,1,3,0.25,NAN,41871,2
E3,P17,NAN,1,3,0.25,NAN,41071,2
E3,P15,NAN,1,3,0.25,NAN,39004,2
E3,P25,NAN,1,3,0.25,NAN,39004,2
E3h,NAN,A17,1,2,NAN,0.75,52429678,2
E3h,NAN,A1,1,2,NAN,0.75,48375216,2
E3h,NAN,A2,1,2,NAN,0.75,39985272,2
E3h,NAN,A6,1,2,NAN,0.75,27007056,2
E3h,NAN,A22,1,3,NAN,0.25,17788847,2
E3h,NAN,A2,1,3,NAN,0.25,11520130,2
E3h,NAN,A5,1,2,NAN,0.75,11286456,2
E3h,NAN,A18,1,3,NAN,0.25,10129597,2
E3h,NAN,A4,1,2,NAN,0.75,8092632,2
E3h,NAN,A17,1,3,NAN,0.25,7762235,2
E3h,NAN,A17,1,2,NAN,0.25,5537393,2
E3h,NAN,A16,1,3,NAN,0.25,5298247,2
E3h,NAN,A22,1,2,NAN,0.25,4456037,2
E3h,NAN,A4,1,2,NAN,0.5,4287312,2
E3h,NAN,A9,1,3,NAN,0.25,3781839,2
E3h,NAN,NAN,1,2,NAN,NAN,2941656,2
E3h,NAN,A9,1,2,NAN,0.25,2022211,2
E3h,NAN,A18,1,2,NAN,0.25,1735607,2
E3h,NAN,A23,1,2,NAN,0.5,1029583,2
E3h,NAN,A1,1,2,NAN,0.25,967403,2
E3h,NAN,A5,1,2,NAN,0.5,829008,2
E3h,NAN,A6,1,2,NAN,0.5,827184,2
E3h,NAN,A6,1,2,NAN,0.25,641708,2
E3h,NAN,A4,1,2,NAN,0.25,598690,2
E3h,NAN,A2,1,2,NAN,0.25,554119,2
E3h,NAN,A16,1,2,NAN,0.25,498497,2
E3h,NAN,A5,1,2,NAN,0.25,489547,2
E3h,NAN,A1,1,3,NAN,0.25,414333,2
E3h,NAN,NAN,1,3,NAN,NAN,160428,2
E3h,NAN,A6,1,3,NAN,0.25,138311,2
E3h,P14,NAN,1,3,0.25,NAN,93009,2
E3h,NAN,A5,1,3,NAN,0.25,91007,2
E3h,P4,NAN,1,3,0.25,NAN,58739,2
E3h,P1,NAN,1,3,0.25,NAN,58072,2
E3h,P22,NAN,1,3,0.25,NAN,51872,2
E3h,P2,NAN,1,3,0.25,NAN,51405,2
E3h,P8,NAN,1,3,0.25,NAN,50805,2
E3h,P19,NAN,1,3,0.25,NAN,50738,2
E3h,P16,NAN,1,3,0.25,NAN,50272,2
E3h,P17,NAN,1,3,0.25,NAN,49405,2
E3h,P11,NAN,1,3,0.25,NAN,48538,2
E3h,P10,NAN,1,3,0.25,NAN,47871,2
E3h,P18,NAN,1,3,0.25,NAN,46738,2
E3h,P13,NAN,1,3,0.25,NAN,45605,2
E3h,P9,NAN,1,3,0.25,NAN,45205,2
E3h,P21,NAN,1,3,0.25,NAN,45205,2
E3h,P6,NAN,1,3,0.25,NAN,44071,2
E3h,P7,NAN,1,3,0.25,NAN,43338,2
E3h,P23,NAN,1,3,0.25,NAN,42271,2
E3h,P15,NAN,1,3,0.25,NAN,41938,2
E3h,P3,NAN,1,3,0.25,NAN,41337,2
E3h,P5,NAN,1,3,0.25,NAN,40804,2
E3h,P25,NAN,1,3,0.25,NAN,40271,2
E4,NAN,A4,1,2,NAN,0.75,34624080,2
E4,NAN,A6,1,2,NAN,0.75,22836480,2
E4,NAN,A23,1,2,NAN,0.75,20866771,2
E4,NAN,A1,1,2,NAN,0.5,19968696,2
E4,NAN,A5,1,2,NAN,0.75,16293336,2
E4,NAN,A9,1,3,NAN,0.25,15897297,2
E4,NAN,A17,1,2,NAN,0.25,12380887,2
E4,NAN,A4,1,3,NAN,0.25,10592133,2
E4,NAN,A2,1,2,NAN,0.25,5357887,2
E4,NAN,A6,1,2,NAN,0.5,4160544,2
E4,NAN,A5,1,2,NAN,0.5,3497976,2
E4,NAN,A16,1,3,NAN,0.25,3379151,2
E4,NAN,NAN,1,2,NAN,NAN,2991816,2
E4,NAN,A6,1,3,NAN,0.25,2656373,2
E4,NAN,A22,1,2,NAN,0.75,2107410,2
E4,NAN,A1,1,3,NAN,0.25,1623467,2
E4,NAN,A23,1,2,NAN,0.5,1190551,2
E4,NAN,A4,1,2,NAN,0.25,1067687,2
E4,P8,NAN,1,3,0.25,NAN,745525,2
E4,NAN,A17,1,2,NAN,0.75,526676,2
E4,P23,NAN,1,3,0.25,NAN,507204,2
E4,P2,NAN,1,3,0.25,NAN,492653,2
E4,NAN,A5,1,2,NAN,0.25,492013,2
E4,P9,NAN,1,3,0.25,NAN,445397,2
E4,P25,NAN,1,3,0.25,NAN,393081,2
E4,P17,NAN,1,3,0.25,NAN,317988,2
E4,P5,NAN,1,3,0.25,NAN,291805,2
E4,NAN,A16,1,2,NAN,0.25,248244,2
E4,P11,NAN,1,3,0.25,NAN,230583,2
E4,P22,NAN,1,3,0.25,NAN,221628,2
E4,P6,NAN,1,3,0.25,NAN,174470,2
E4,P7,NAN,1,3,0.25,NAN,160600,2
E4,P15,NAN,1,3,0.25,NAN,146438,2
E4,P3,NAN,1,3,0.25,NAN,146292,2
E4,P14,NAN,1,3,0.25,NAN,134077,2
E4,P16,NAN,1,3,0.25,NAN,127847,2
E4,P21,NAN,1,3,0.25,NAN,127215,2
E4,NAN,A6,1,2,NAN,0.25,103389,2
E4,P4,NAN,1,3,0.25,NAN,91785,2
E4,NAN,A5,1,3,NAN,0.25,87357,2
E4,P18,NAN,1,3,0.25,NAN,86675,2
E4,P13,NAN,1,3,0.25,NAN,85410,2
E4,P19,NAN,1,3,0.25,NAN,81225,2
E4,P10,NAN,1,3,0.25,NAN,74022,2
E4,NAN,NAN,1,3,NAN,NAN,70528,2
E4,P1,NAN,1,3,0.25,NAN,54993,2
E4,NAN,A1,1,2,NAN,0.25,49868,2
E5,NAN,A9,1,3,NAN,0.25,35033275,2
E5,NAN,A1,1,3,NAN,0.25,31941933,2
E5,NAN,A16,1,3,NAN,0.25,30051224,2
E5,NAN,A2,1,2,NAN,0.75,24572928,2
E5,NAN,A9,1,2,NAN,0.25,23604278,2
E5,NAN,A4,1,2,NAN,0.75,18751632,2
E5,NAN,A6,1,3,NAN,0.25,14967141,2
E5,NAN,A5,1,3,NAN,0.25,13931563,2
E5,NAN,A17,1,2,NAN,0.75,12834845,2
E5,NAN,A2,1,2,NAN,0.25,12360597,2
E5,NAN,A16,1,2,NAN,0.25,9048485,2
E5,NAN,A4,1,2,NAN,0.5,7678584,2
E5,P25,NAN,1,3,0.25,NAN,5000127,2
E5,P10,NAN,1,3,0.25,NAN,4665719,2
E5,NAN,A5,1,2,NAN,0.5,4076640,2
E5,NAN,A6,1,2,NAN,0.75,3903360,2
E5,P4,NAN,1,3,0.25,NAN,3651432,2
E5,P23,NAN,1,3,0.25,NAN,3325260,2
E5,NAN,A6,1,2,NAN,0.5,2945760,2
E5,NAN,A1,1,2,NAN,0.25,2663828,2
E5,P21,NAN,1,3,0.25,NAN,2630556,2
E5,NAN,NAN,1,2,NAN,NAN,2243520,2
E5,NAN,A5,1,2,NAN,0.75,1744656,2
E5,P9,NAN,1,3,0.25,NAN,1593913,2
E5,P18,NAN,1,3,0.25,NAN,1251032,2
E5,P19,NAN,1,3,0.25,NAN,1151957,2
E5,P2,NAN,1,3,0.25,NAN,1104419,2
E5,P7,NAN,1,3,0.25,NAN,1096889,2
E5,NAN,A5,1,2,NAN,0.25,993067,2
E5,P5,NAN,1,3,0.25,NAN,859202,2
E5,P3,NAN,1,3,0.25,NAN,858496,2
E5,P22,NAN,1,3,0.25,NAN,850495,2
E5,NAN,A4,1,2,NAN,0.25,818529,2
E5,P11,NAN,1,3,0.25,NAN,789073,2
E5,P8,NAN,1,3,0.25,NAN,737299,2
E5,NAN,A23,1,2,NAN,0.5,735181,2
E5,P17,NAN,1,3,0.25,NAN,728592,2
E5,NAN,A6,1,2,NAN,0.25,561791,2
E5,P1,NAN,1,3,0.25,NAN,533501,2
E5,P13,NAN,1,3,0.25,NAN,527853,2
E5,P6,NAN,1,3,0.25,NAN,515380,2
E5,NAN,A23,1,2,NAN,0.75,507849,2
E5,P14,NAN,1,3,0.25,NAN,432778,2
E5,NAN,A22,1,2,NAN,0.75,371591,2
E5,P16,NAN,1,3,0.25,NAN,330408,2
E5,P15,NAN,1,3,0.25,NAN,241452,2
E5,NAN,NAN,1,3,NAN,NAN,59508,2
E6,NAN,A6,1,2,NAN,0.75,52453680,2
E6,P25,NAN,1,3,0.25,NAN,49823126,2
E6,NAN,A9,1,3,NAN,0.25,46933734,2
E6,NAN,A9,1,2,NAN,0.25,42829853,2
E6,P2,NAN,1,3,0.25,NAN,40079385,2
E6,NAN,A4,1,2,NAN,0.75,39883128,2
E6,P16,NAN,1,3,0.25,NAN,39597187,2
E6,NAN,A5,1,2,NAN,0.75,28962840,2
E6,NAN,A1,1,3,NAN,0.25,28659733,2
E6,NAN,A16,1,3,NAN,0.25,25235491,2
E6,P7,NAN,1,3,0.25,NAN,24594216,2
E6,P19,NAN,1,3,0.25,NAN,22449388,2
E6,NAN,A17,1,2,NAN,0.75,16402498,2
E6,NAN,A5,1,2,NAN,0.25,13640633,2
E6,NAN,A6,1,3,NAN,0.25,12487769,2
E6,P23,NAN,1,3,0.25,NAN,11644058,2
E6,P21,NAN,1,3,0.25,NAN,10295127,2
E6,NAN,NAN,1,3,NAN,NAN,9780656,2
E6,NAN,A16,1,2,NAN,0.25,9356552,2
E6,P14,NAN,1,3,0.25,NAN,8655560,2
E6,P18,NAN,1,3,0.25,NAN,7899905,2
E6,P22,NAN,1,3,0.25,NAN,7544551,2
E6,P11,NAN,1,3,0.25,NAN,7451359,2
E6,P10,NAN,1,3,0.25,NAN,6541325,2
E6,P17,NAN,1,3,0.25,NAN,6017944,2
E6,P8,NAN,1,3,0.25,NAN,5160860,2
E6,P1,NAN,1,3,0.25,NAN,4625006,2
E6,P13,NAN,1,3,0.25,NAN,4140455,2
E6,NAN,A6,1,2,NAN,0.25,4128084,2
E6,P9,NAN,1,3,0.25,NAN,3374445,2
E6,P15,NAN,1,3,0.25,NAN,3295843,2
E6,NAN,NAN,1,2,NAN,NAN,3103080,2
E6,P5,NAN,1,3,0.25,NAN,1906200,2
E6,NAN,A6,1,2,NAN,0.5,1024176,2
E6,NAN,A4,1,2,NAN,0.5,863208,2
E6,NAN,A23,1,2,NAN,0.5,718943,2
E6,NAN,A23,1,2,NAN,0.75,651638,2
E7f,P23,NAN,1,3,0.25,NAN,44106409,2
E7f,NAN,A5,1,2,NAN,0.25,39279016,2
E7f,P13,NAN,1,3,0.25,NAN,37514957,2
E7f,P19,NAN,1,3,0.25,NAN,37029700,2
E7f,P22,NAN,1,3,0.25,NAN,31951677,2
E7f,P25,NAN,1,3,0.25,NAN,27525057,2
E7f,NAN,A4,1,3,NAN,0.25,22887814,2
E7f,NAN,A2,1,2,NAN,0.25,18534853,2
E7f,NAN,A4,1,2,NAN,0.5,9516409,2
E7f,NAN,A6,1,2,NAN,0.5,7169901,2
E7f,P21,NAN,1,3,0.25,NAN,6581332,2
E7f,P7,NAN,1,3,0.25,NAN,6263867,2
E7f,NAN,A1,1,2,NAN,0.75,4685722,2
E7f,P17,NAN,1,3,0.25,NAN,3258896,2
E7f,P4,NAN,1,3,0.25,NAN,2429817,2
E7f,NAN,A18,1,2,NAN,0.75,2272143,2
E7f,NAN,A2,1,2,NAN,0.75,1939382,2
E7f,NAN,A4,1,2,NAN,0.75,1872312,2
E7f,NAN,A5,1,2,NAN,0.75,1648039,2
E7f,NAN,A9,1,2,NAN,0.75,1612739,2
E7f,NAN,A6,1,2,NAN,0.75,1542845,2
E7f,NAN,A2,1,2,NAN,0.5,1420707,2
E7f,NAN,A5,1,2,NAN,0.5,1276213,2
E7f,P6,NAN,1,3,0.25,NAN,1118304,2
E7f,P5,NAN,1,3,0.25,NAN,1092653,2
E8,NAN,A4,1,3,NAN,0.25,49200867,2
E8,P17,NAN,1,3,0.25,NAN,41299312,2
E8,P14,NAN,1,3,0.25,NAN,40867900,2
E8,NAN,A17,1,2,NAN,0.75,39985251,2
E8,NAN,A1,1,2,NAN,0.5,23178480,2
E8,NAN,A5,1,2,NAN,0.5,18882504,2
E8,P8,NAN,1,3,0.25,NAN,16326802,2
E8,NAN,A6,1,2,NAN,0.75,15148320,2
E8,P9,NAN,1,3,0.25,NAN,14961255,2
E8,NAN,A5,1,2,NAN,0.75,6862800,2
E8,NAN,A6,1,2,NAN,0.25,6358079,2
E8,NAN,A4,1,2,NAN,0.75,4556808,2
E8,NAN,A16,1,2,NAN,0.25,4315409,2
E8,NAN,A23,1,2,NAN,0.75,3801810,2
E8,NAN,A22,1,2,NAN,0.75,2363923,2
E8,NAN,A6,1,2,NAN,0.5,1520760,2
E9f,NAN,A23,1,2,NAN,0.75,49010049,2
E9f,NAN,A6,1,3,NAN,0.25,42693703,2
E9f,NAN,A18,1,2,NAN,0.75,41669532,2
E9f,P1,NAN,1,3,0.25,NAN,30758067,2
E9f,NAN,A17,1,2,NAN,0.75,27834991,2
E9f,NAN,A18,1,3,NAN,0.25,22800505,2
E9f,NAN,A2,1,3,NAN,0.25,17857329,2
E9f,NAN,A5,1,3,NAN,0.25,12967573,2
E9f,P10,NAN,1,3,0.25,NAN,11383779,2
E9f,NAN,A5,1,2,NAN,0.25,8597197,2
E9f,NAN,A9,1,2,NAN,0.5,7214143,2
E9f,P5,NAN,1,3,0.25,NAN,5513860,2
E9f,NAN,A4,1,3,NAN,0.25,4967416,2
E9f,P8,NAN,1,3,0.25,NAN,4785033,2
E9f,P6,NAN,1,3,0.25,NAN,3728857,2
E9f,P22,NAN,1,3,0.25,NAN,2993440,2
E9f,P7,NAN,1,3,0.25,NAN,2075640,2
E9f,NAN,A16,1,2,NAN,0.5,1978447,2
E9f,NAN,A17,1,2,NAN,0.5,1944559,2
E9f,P4,NAN,1,3,0.25,NAN,1829246,2
E9f,NAN,A22,1,2,NAN,0.5,1738407,2
E9f,P23,NAN,1,3,0.25,NAN,1679809,2
E9f,NAN,A23,1,2,NAN,0.5,1467774,2
E9f,P15,NAN,1,3,0.25,NAN,1192905,2
E9f,P3,NAN,1,3,0.25,NAN,1109832,2
E9f,NAN,A2,1,2,NAN,0.5,1040879,2
E9f,P21,NAN,1,3,0.25,NAN,980399,2
E9f,P18,NAN,1,3,0.25,NAN,947452,2
E9f,NAN,A18,1,2,NAN,0.5,897326,2
E9f,P2,NAN,1,3,0.25,NAN,791661,2
E9f,P17,NAN,1,3,0.25,NAN,780365,2
E9f,NAN,A5,1,2,NAN,0.5,621280,2
E9f,P16,NAN,1,3,0.25,NAN,609749,2
E9f,P19,NAN,1,3,0.25,NAN,600806,2
E9f,P14,NAN,1,3,0.25,NAN,588569,2
E9f,NAN,A1,1,2,NAN,0.5,552327,2
E9f,P13,NAN,1,3,0.25,NAN,541973,2
E9f,P25,NAN,1,3,0.25,NAN,496083,2
E9f,P11,NAN,1,3,0.25,NAN,469019,2
E9f,NAN,A6,1,2,NAN,0.5,364531,2
E9f,NAN,A2,1,2,NAN,0.75,153202,2
E9f,NAN,A6,1,2,NAN,0.75,123785,2
E9f,NAN,A5,1,2,NAN,0.75,120255,2
E9f,NAN,A4,1,2,NAN,0.5,103547,2
E9f,NAN,A4,1,2,NAN,0.75,99546,2
NAN,P17,A1,1,NAN,0.25,0.5,54579065,2
NAN,NAN,A4,1,NAN,NAN,0.25,52228422,2
NAN,NAN,A2,1,NAN,NAN,0.75,52159682,2
NAN,P1,A1,1,NAN,0.25,0.5,48844793,2
NAN,P25,A22,1,NAN,0.25,0.5,45374857,2
NAN,P22,A1,1,NAN,0.25,0.5,39581309,2
NAN,NAN,A22,1,NAN,NAN,0.75,38777759,2
NAN,P23,A1,1,NAN,0.25,0.5,36443279,2
NAN,NAN,A4,1,NAN,NAN,0.5,36239290,2
NAN,NAN,A16,1,NAN,NAN,0.5,35341707,2
NAN,P7,A23,1,NAN,0.25,0.5,34753795,2
NAN,P23,A4,1,NAN,0.25,0.5,33509195,2
NAN,NAN,A2,1,NAN,NAN,0.25,29637030,2
NAN,NAN,A1,1,NAN,NAN,0.5,28757122,2
NAN,P21,A2,1,NAN,0.25,0.5,25716727,2
NAN,P7,A2,1,NAN,0.25,0.5,23282693,2
NAN,P18,A4,1,NAN,0.25,0.5,22786205,2
NAN,P13,A2,1,NAN,0.25,0.5,22578787,2
NAN,P22,A4,1,NAN,0.25,0.5,21420863,2
NAN,NAN,A1,1,NAN,NAN,0.75,21074893,2
NAN,P6,A9,1,NAN,0.25,0.5,20247778,2
NAN,NAN,A18,1,NAN,NAN,0.25,18974458,2
NAN,P3,A23,1,NAN,0.25,0.5,17918047,2
NAN,P13,A1,1,NAN,0.25,0.5,17155140,2
NAN,P18,A2,1,NAN,0.25,0.5,16878948,2
NAN,P8,A2,1,NAN,0.25,0.5,16307567,2
NAN,P23,A5,1,NAN,0.25,0.5,15043879,2
NAN,P16,A4,1,NAN,0.25,0.5,14830707,2
NAN,P7,A18,1,NAN,0.25,0.5,12080660,2
NAN,P7,A9,1,NAN,0.25,0.5,11961105,2
NAN,P6,A1,1,NAN,0.25,0.5,11466169,2
NAN,P5,A16,1,NAN,0.25,0.5,11410547,2
NAN,P15,A4,1,NAN,0.25,0.5,11125405,2
NAN,P6,A22,1,NAN,0.25,0.5,10683899,2
NAN,P4,A23,1,NAN,0.25,0.5,9848382,2
NAN,P18,A5,1,NAN,0.25,0.5,9522596,2
NAN,P1,A2,1,NAN,0.25,0.5,9407881,2
NAN,P9,A6,1,NAN,0.25,0.5,8963545,2
NAN,P11,A18,1,NAN,0.25,0.5,8941351,2
NAN,P11,A22,1,NAN,0.25,0.5,8860795,2
NAN,P7,A1,1,NAN,0.25,0.5,8846455,2
NAN,P2,A5,1,NAN,0.25,0.5,8780421,2
NAN,P6,A5,1,NAN,0.25,0.5,8765717,2
NAN,P21,A4,1,NAN,0.25,0.5,8506787,2
NAN,NAN,A16,1,NAN,NAN,0.25,8427327,2
NAN,P17,A4,1,NAN,0.25,0.5,8003814,2
NAN,P19,A4,1,NAN,0.25,0.5,7743697,2
NAN,P19,A5,1,NAN,0.25,0.5,7383478,2
NAN,P1,A5,1,NAN,0.25,0.5,7376263,2
NAN,NAN,A4,1,NAN,NAN,0.75,7371137,2
NAN,P7,A5,1,NAN,0.25,0.5,7110757,2
NAN,P1,A4,1,NAN,0.25,0.5,7034767,2
NAN,NAN,A6,1,NAN,NAN,3,6819024,2
NAN,P2,A2,1,NAN,0.25,0.5,6793282,2
NAN,P14,A5,1,NAN,0.25,0.5,6651715,2
NAN,P10,A5,1,NAN,0.25,0.5,6622306,2
NAN,P14,A4,1,NAN,0.25,0.5,6553258,2
NAN,P16,A5,1,NAN,0.25,0.5,6315700,2
NAN,P15,A5,1,NAN,0.25,0.5,6289213,2
NAN,NAN,A6,1,NAN,NAN,2,6247200,2
NAN,P5,A5,1,NAN,0.25,0.5,6100153,2
NAN,P5,A23,1,NAN,0.25,0.5,6076224,2
NAN,P18,A6,1,NAN,0.25,0.5,6057866,2
NAN,P8,A5,1,NAN,0.25,0.5,6049646,2
NAN,P8,A6,1,NAN,0.25,0.5,6016766,2
NAN,P13,A4,1,NAN,0.25,0.5,5903513,2
NAN,P25,A4,1,NAN,0.25,0.5,5889630,2
NAN,P8,A4,1,NAN,0.25,0.5,5574621,2
NAN,P6,A23,1,NAN,0.25,0.5,5394786,2
NAN,P9,A5,1,NAN,0.25,0.5,5321902,2
NAN,NAN,A5,1,NAN,NAN,3,5268168,2
NAN,P13,A6,1,NAN,0.25,0.5,5255777,2
NAN,NAN,A1,1,NAN,NAN,2,5164626,2
NAN,P21,A5,1,NAN,0.25,0.5,5050642,2
NAN,P4,A6,1,NAN,0.25,0.5,4980955,2
NAN,P5,A17,1,NAN,0.25,0.5,4970908,2
NAN,P2,A4,1,NAN,0.25,0.5,4966250,2
NAN,P17,A5,1,NAN,0.25,0.5,4959948,2
NAN,P5,A2,1,NAN,0.25,0.5,4831259,2
NAN,P6,A2,1,NAN,0.25,0.5,4808335,2
NAN,P3,A6,1,NAN,0.25,0.5,4787237,2
NAN,P22,A5,1,NAN,0.25,0.5,4742392,2
NAN,NAN,A5,1,NAN,NAN,2,4738752,2
NAN,P7,A6,1,NAN,0.25,0.5,4681381,2
NAN,P11,A5,1,NAN,0.25,0.5,4662110,2
NAN,P21,A6,1,NAN,0.25,0.5,4627312,2
NAN,NAN,A5,1,NAN,NAN,0.25,4618368,2
NAN,P10,A6,1,NAN,0.25,0.5,4527850,2
NAN,NAN,A6,1,NAN,NAN,1,4484760,2
NAN,P22,A6,1,NAN,0.25,0.5,4388019,2
NAN,P21,NAN,1,NAN,0.25,NAN,4377607,2
NAN,P3,A5,1,NAN,0.25,0.5,4369295,2
NAN,P18,NAN,1,NAN,0.25,NAN,4297599,2
NAN,P23,NAN,1,NAN,0.25,NAN,4072919,2
NAN,NAN,A18,1,NAN,NAN,2,4034709,2
NAN,P10,A4,1,NAN,0.25,0.5,4018575,2
NAN,P25,A5,1,NAN,0.25,0.5,3781200,2
NAN,P7,A4,1,NAN,0.25,0.5,3751334,2
NAN,NAN,A1,1,NAN,NAN,0.25,3726491,2
NAN,P13,A5,1,NAN,0.25,0.5,3697539,2
NAN,NAN,A6,1,NAN,NAN,0.25,3671256,2
NAN,NAN,A6,1,NAN,NAN,0.75,3655752,2
NAN,NAN,A5,1,NAN,NAN,1,3630216,2
NAN,P5,A6,1,NAN,0.25,0.5,3522087,2
NAN,P14,A6,1,NAN,0.25,0.5,3519621,2
NAN,P19,A6,1,NAN,0.25,0.5,3462812,2
NAN,P10,NAN,1,NAN,0.25,NAN,3425457,2
NAN,P11,A6,1,NAN,0.25,0.5,3411665,2
NAN,P15,A6,1,NAN,0.25,0.5,3371022,2
NAN,P2,A6,1,NAN,0.25,0.5,3328187,2
NAN,NAN,A5,1,NAN,NAN,0.75,3294144,2
NAN,P3,A2,1,NAN,0.25,0.5,3289827,2
NAN,P17,A6,1,NAN,0.25,0.5,3236397,2
NAN,P22,NAN,1,NAN,0.25,NAN,3182693,2
NAN,P23,A6,1,NAN,0.25,0.5,3099031,2
NAN,P19,NAN,1,NAN,0.25,NAN,3095287,2
NAN,P1,A6,1,NAN,0.25,0.5,3072727,2
NAN,P4,A5,1,NAN,0.25,0.5,3004867,2
NAN,P9,NAN,1,NAN,0.25,NAN,3004501,2
NAN,NAN,A6,1,NAN,NAN,0.5,2798016,2
NAN,P11,A2,1,NAN,0.25,0.5,2718263,2
NAN,P25,NAN,1,NAN,0.25,NAN,2712143,2
NAN,P16,A6,1,NAN,0.25,0.5,2710043,2
NAN,P4,A18,1,NAN,0.25,0.5,2512306,2
NAN,P4,A2,1,NAN,0.25,0.5,2470658,2
NAN,P25,NAN,1,NAN,1,NAN,2428953,2
NAN,P3,NAN,1,NAN,0.25,NAN,2350920,2
NAN,P8,NAN,1,NAN,1,NAN,2313857,2
NAN,P25,A2,1,NAN,0.25,0.5,2284612,2
NAN,P9,A4,1,NAN,0.25,0.5,2242964,2
NAN,P11,A9,1,NAN,0.25,0.5,2097653,2
NAN,P10,A18,1,NAN,0.25,0.5,2096009,2
NAN,NAN,A5,1,NAN,NAN,0.5,1972200,2
NAN,P6,A6,1,NAN,0.25,0.5,1943939,2
NAN,P17,NAN,1,NAN,0.25,NAN,1845390,2
NAN,P5,A4,1,NAN,0.25,0.5,1829498,2
NAN,P4,A9,1,NAN,0.25,0.5,1806391,2
NAN,P5,A9,1,NAN,0.25,0.5,1771045,2
NAN,NAN,A18,1,NAN,NAN,1,1700221,2
NAN,P3,NAN,1,NAN,1,NAN,1700170,2
NAN,P10,A2,1,NAN,0.25,0.5,1643087,2
NAN,P4,A4,1,NAN,0.25,0.5,1539241,2
NAN,NAN,A9,1,NAN,NAN,0.25,1484623,2
NAN,P6,A4,1,NAN,0.25,0.5,1365525,2
NAN,NAN,A17,1,NAN,NAN,0.75,1332371,2
NAN,P16,NAN,1,NAN,0.25,NAN,1327439,2
NAN,P8,NAN,1,NAN,0.25,NAN,1323055,2
NAN,P25,A6,1,NAN,0.25,0.5,1179296,2
NAN,P5,A18,1,NAN,0.25,0.5,1149247,2
NAN,P3,A4,1,NAN,0.25,0.5,1076455,2
NAN,NAN,A18,1,NAN,NAN,3,1068457,2
NAN,NAN,A23,1,NAN,NAN,1,1057914,2
NAN,P11,A4,1,NAN,0.25,0.5,938998,2
NAN,NAN,A23,1,NAN,NAN,2,857163,2
NAN,NAN,A17,1,NAN,NAN,1,809396,2
NAN,NAN,A2,1,NAN,NAN,1,768877,2
NAN,P16,NAN,1,NAN,1,NAN,755355,2
NAN,P9,NAN,1,NAN,2,NAN,743870,2
NAN,P3,A9,1,NAN,0.25,0.5,683082,2
NAN,P5,A22,1,NAN,0.25,0.5,641525,2
NAN,P9,A2,1,NAN,0.25,0.5,620519,2
NAN,P25,NAN,1,NAN,2,NAN,616899,2
NAN,P11,A23,1,NAN,0.25,0.5,560421,2
NAN,P11,NAN,1,NAN,0.25,NAN,533478,2
NAN,P19,NAN,1,NAN,2,NAN,526087,2
NAN,P18,NAN,1,NAN,2,NAN,525357,2
NAN,P4,A22,1,NAN,0.25,0.5,523431,2
NAN,P10,NAN,1,NAN,1,NAN,475376,2
NAN,P2,NAN,1,NAN,0.25,NAN,443241,2
NAN,NAN,A4,1,NAN,NAN,2,440577,2
NAN,NAN,A23,1,NAN,NAN,3,438217,2
NAN,NAN,A4,1,NAN,NAN,1,377771,2
NAN,NAN,A22,1,NAN,NAN,1,375654,2
NAN,P15,NAN,1,NAN,1,NAN,363443,2
NAN,P22,NAN,1,NAN,1,NAN,357505,2
NAN,NAN,A4,1,NAN,NAN,3,345901,2
NAN,NAN,A1,1,NAN,NAN,1,341952,2
NAN,P23,NAN,1,NAN,1,NAN,325823,2
NAN,NAN,A2,1,NAN,NAN,3,308631,2
NAN,NAN,A2,1,NAN,NAN,2,304164,2
NAN,P9,NAN,1,NAN,1,NAN,287669,2
NAN,P7,NAN,1,NAN,1,NAN,279979,2
NAN,P25,A23,1,NAN,0.25,0.5,270803,2
NAN,P16,NAN,1,NAN,2,NAN,267569,2
NAN,P14,NAN,1,NAN,1,NAN,251461,2
NAN,NAN,A22,1,NAN,NAN,2,247422,2
NAN,P2,NAN,1,NAN,1,NAN,212771,2
NAN,P13,NAN,1,NAN,1,NAN,208050,2
NAN,P8,NAN,1,NAN,2,NAN,206006,2
NAN,P15,NAN,1,NAN,0.25,NAN,204769,2
NAN,P4,NAN,1,NAN,0.25,NAN,202943,2
NAN,NAN,A22,1,NAN,NAN,3,202029,2
NAN,P1,NAN,1,NAN,0.25,NAN,196184,2
NAN,P10,NAN,1,NAN,2,NAN,195640,2
NAN,P13,NAN,1,NAN,2,NAN,174032,2
NAN,NAN,A17,1,NAN,NAN,3,172346,2
NAN,P21,NAN,1,NAN,1,NAN,166829,2
NAN,NAN,A16,1,NAN,NAN,2,163304,2
NAN,P6,NAN,1,NAN,1,NAN,162547,2
NAN,P6,NAN,1,NAN,2,NAN,160941,2
NAN,NAN,A17,1,NAN,NAN,2,158555,2
NAN,P23,NAN,1,NAN,2,NAN,157631,2
NAN,P1,NAN,1,NAN,1,NAN,147363,2
NAN,P11,NAN,1,NAN,2,NAN,145659,2
NAN,P1,NAN,1,NAN,2,NAN,144248,2
NAN,P22,NAN,1,NAN,2,NAN,142253,2
NAN,P19,NAN,1,NAN,1,NAN,141571,2
NAN,P11,NAN,1,NAN,1,NAN,139187,2
NAN,P18,NAN,1,NAN,1,NAN,137775,2
NAN,P17,NAN,1,NAN,1,NAN,137435,2
NAN,P5,NAN,1,NAN,1,NAN,133736,2
NAN,P14,NAN,1,NAN,2,NAN,126631,2
NAN,P17,NAN,1,NAN,2,NAN,125803,2
NAN,P15,NAN,1,NAN,2,NAN,124781,2
NAN,P4,NAN,1,NAN,1,NAN,120596,2
NAN,P21,NAN,1,NAN,2,NAN,119769,2
NAN,P5,NAN,1,NAN,0.25,NAN,118459,2
NAN,P7,NAN,1,NAN,0.25,NAN,118003,2
NAN,P2,NAN,1,NAN,2,NAN,115875,2
NAN,P7,NAN,1,NAN,2,NAN,104779,2
NAN,NAN,A9,1,NAN,NAN,1,100832,2
NAN,P4,NAN,1,NAN,2,NAN,99231,2
NAN,P3,NAN,1,NAN,2,NAN,98793,2
NAN,P5,NAN,1,NAN,2,NAN,94267,2
NAN,NAN,A1,1,NAN,NAN,3,57175,2
NAN,NAN,A16,1,NAN,NAN,3,45758,2
NAN,P14,NAN,1,NAN,0.25,NAN,43018,2
NAN,P6,NAN,1,NAN,0.25,NAN,40004,2
NAN,P13,NAN,1,NAN,0.25,NAN,39730,2
NAN,NAN,A9,1,NAN,NAN,2,39273,2
NAN,NAN,A9,1,NAN,NAN,3,38086,2
